event_id,event_title,event_description,skills_required,event_category,event_date,location
1,Entrepreneurship Bootcamp: Empowering the Innovators,"Join this exciting event where experts in Team Leadership, Analytical Skills will discuss Entrepreneurship and its real-world applications.","Team Leadership, Analytical Skills",Entrepreneurship,10-11-2024,"Meerut, Uttar Pradesh"
2,AI & Machine Learning Bootcamp: Data Science Revolution,"Join this exciting event where experts in Organisational Skills, Big Data Analytics will discuss AI & Machine Learning and its real-world applications.","Organisational Skills, Big Data Analytics",AI & Machine Learning,20-11-2024,"Pune, Maharashtra"
3,Sustainability Bootcamp: Green Technologies,"Join this exciting event where experts in Presentation, MS Excel will discuss Sustainability and its real-world applications.","Presentation, MS Excel",Sustainability,05-11-2024,"Erode, Tamil Nadu"
4,Leadership Bootcamp: Building Tomorrow's Leaders,"Join this exciting event where experts in Team Leadership, Project Management will discuss Leadership and its real-world applications.","Team Leadership, Project Management",Leadership,18-11-2024,"Erode, Tamil Nadu"
5,AI & Machine Learning Bootcamp: The Future of Technology,"Join this exciting event where experts in Communication, Analytical Skills will discuss AI & Machine Learning and its real-world applications.","Communication, Analytical Skills",AI & Machine Learning,22-11-2024,"Nagpur, Maharashtra"
